"Date","Manufacturer","CapacityMB","TotalPriceUSD","Kind","ppMB"
1956-01-01,"IBM",5,50000,"HDD",10240000
1956-01-01,"IBM",3.75,34500,"HDD",9420800
1959-01-01,"IBM",7.5,57000,"HDD",7782400
1960-01-01,"IBM",10,36000,"HDD",3686400
1964-01-01,"IBM",7.25,25510,"HDD",3603067.5862069
1966-01-01,"IBM",29.176,30555,"HDD",1072399.23224568
1970-01-01,"IBM",100,25970,"HDD",265932.8
1973-01-01,"Other",2.4,6120,"HDD",2611200
1974-01-01,"IBM",200,37000,"HDD",189440
1975-01-01,"Other",0.0879,1000,"HDD",11649601.8202503
1979-01-01,"Other",0.1758,529,"HDD",3081319.6814562
1980-01-01,"Morrow Designs",26,5000,"HDD",196923.076923077
1980-01-01,"Morrow Designs",26,5000,"HDD",196923.076923077
1980-01-01,"Other",0.1992,695,"HDD",3572690.76305221
1980-07-01,"Other",18,4199,"HDD",238876.444444444
1980-07-01,"Other",18,4199,"HDD",238876.444444444
1981-01-01,"Other",1.2,1225,"HDD",1045333.33333333
1981-09-01,"Other",5,3500,"HDD",716800
1981-09-01,"Other",5,3500,"HDD",716800
1981-11-01,"Seagate",5,1700,"HDD",348160
1981-11-01,"Seagate",5,1700,"HDD",348160
1981-12-01,"Other",6.3,2895,"HDD",470552.380952381
1981-12-01,"Morrow Designs",10,2999,"HDD",307097.6
1981-12-01,"Morrow Designs",10,2949,"HDD",301977.6
1981-12-01,"Other",19,5495,"HDD",296151.578947368
1981-12-01,"Morrow Designs",20,3829,"HDD",196044.8
1981-12-01,"Morrow Designs",26,3949,"HDD",155529.846153846
1981-12-01,"Morrow Designs",26,3599,"HDD",141745.230769231
1981-12-01,"Other",6.3,2895,"HDD",470552.380952381
1981-12-01,"Morrow Designs",10,2999,"HDD",307097.6
1981-12-01,"Morrow Designs",10,2949,"HDD",301977.6
1981-12-01,"Other",19,5495,"HDD",296151.578947368
1981-12-01,"Morrow Designs",20,3829,"HDD",196044.8
1981-12-01,"Morrow Designs",26,3949,"HDD",155529.846153846
1981-12-01,"Morrow Designs",26,3599,"HDD",141745.230769231
1982-01-01,"Other",19,5495,"HDD",296151.578947368
1983-01-01,"Other",5,1595,"HDD",326656
1983-12-01,"Corvus",6,1895,"HDD",323413.333333333
1983-12-01,"Corvus",10,2695,"HDD",275968
1983-12-01,"Other",10,1895,"HDD",194048
1983-12-01,"Corvus",20,3495,"HDD",178944
1983-12-01,"Davong",10,1650,"HDD",168960
1983-12-01,"Other",16,2095,"HDD",134080
1983-12-01,"Davong",21,2495,"HDD",121660.952380952
1983-12-01,"Corvus",6,1895,"HDD",323413.333333333
1983-12-01,"Corvus",10,2695,"HDD",275968
1983-12-01,"Other",10,1895,"HDD",194048
1983-12-01,"Corvus",20,3495,"HDD",178944
1983-12-01,"Davong",10,1650,"HDD",168960
1983-12-01,"Other",16,2095,"HDD",134080
1983-12-01,"Davong",21,2495,"HDD",121660.952380952
1984-01-01,"Other",0.7031,398,"HDD",579650.120893187
1984-03-01,"Other",5,1399,"HDD",286515.2
1984-03-01,"Other",5,1349,"HDD",276275.2
1984-03-01,"Other",10,1699,"HDD",173977.6
1984-03-01,"Other",10,1599,"HDD",163737.6
1984-03-01,"Other",15,2095,"HDD",143018.666666667
1984-03-01,"Other",15,1999,"HDD",136465.066666667
1984-03-01,"Other",20,2399,"HDD",122828.8
1984-03-01,"Other",20,2359,"HDD",120780.8
1984-03-01,"Other",5,1399,"HDD",286515.2
1984-03-01,"Other",5,1349,"HDD",276275.2
1984-03-01,"Other",10,1699,"HDD",173977.6
1984-03-01,"Other",10,1599,"HDD",163737.6
1984-03-01,"Other",15,2095,"HDD",143018.666666667
1984-03-01,"Other",15,1999,"HDD",136465.066666667
1984-03-01,"Other",20,2399,"HDD",122828.8
1984-03-01,"Other",20,2359,"HDD",120780.8
1984-05-01,"Other",5,1495,"HDD",306176
1984-05-01,"Corvus",6,1695,"HDD",289280
1984-05-01,"Corvus",11,2350,"HDD",218763.636363636
1984-05-01,"Other",10,1995,"HDD",204288
1984-05-01,"Other",11,1995,"HDD",185716.363636364
1984-05-01,"Davong",10,1645,"HDD",168448
1984-05-01,"Corvus",20,3150,"HDD",161280
1984-05-01,"Davong",15,2095,"HDD",143018.666666667
1984-05-01,"Davong",21,2495,"HDD",121660.952380952
1984-05-01,"Other",10,1075,"HDD",110080
1984-05-01,"Other",23,1845,"HDD",82142.6086956522
1984-05-01,"Other",5,1495,"HDD",306176
1984-05-01,"Corvus",6,1695,"HDD",289280
1984-05-01,"Corvus",11,2350,"HDD",218763.636363636
1984-05-01,"Other",10,1995,"HDD",204288
1984-05-01,"Other",11,1995,"HDD",185716.363636364
1984-05-01,"Davong",10,1645,"HDD",168448
1984-05-01,"Corvus",20,3150,"HDD",161280
1984-05-01,"Davong",15,2095,"HDD",143018.666666667
1984-05-01,"Davong",21,2495,"HDD",121660.952380952
1984-05-01,"Other",10,1075,"HDD",110080
1984-05-01,"Other",23,1845,"HDD",82142.6086956522
1985-01-01,"Other",140,4395,"HDD",32146.2857142857
1985-07-01,"Other",10,710,"HDD",72704
1985-07-01,"Other",10,710,"HDD",72704
1986-01-01,"Other",20,489,"HDD",25036.8
1987-01-01,"Other",30,449,"HDD",15325.8666666667
1987-10-01,"Other",10,899,"HDD",92057.6
1987-10-01,"Other",20,1199,"HDD",61388.8
1987-10-01,"Other",40,1799,"HDD",46054.4
1987-10-01,"Other",10,899,"HDD",92057.6
1987-10-01,"Other",20,1199,"HDD",61388.8
1987-10-01,"Other",40,1799,"HDD",46054.4
1988-01-01,"Seagate",30,299,"HDD",10205.8666666667
1988-05-01,"Other",20,799,"HDD",40908.8
1988-05-01,"Other",30,995,"HDD",33962.6666666667
1988-05-01,"Other",45,1195,"HDD",27192.8888888889
1988-05-01,"Other",60,1795,"HDD",30634.6666666667
1988-05-01,"Other",250,3995,"HDD",16363.52
1988-05-01,"Other",20,799,"HDD",40908.8
1988-05-01,"Other",30,995,"HDD",33962.6666666667
1988-05-01,"Other",45,1195,"HDD",27192.8888888889
1988-05-01,"Other",60,1795,"HDD",30634.6666666667
1988-05-01,"Other",250,3995,"HDD",16363.52
1989-01-01,"Seagate",60,449,"HDD",7662.93333333333
1989-03-01,"Western Digital",20,899,"HDD",46028.8
1989-03-01,"Western Digital",40,1199,"HDD",30694.4
1990-01-01,"Other",340,1795,"HDD",5406.11764705882
1990-03-01,"Other",660,2695,"HDD",4181.33333333333
1990-07-01,"Other",702,2295,"HDD",3347.69230769231
1990-10-01,"Seagate",65,339,"HDD",5340.55384615385
1991-01-01,"Other",200,849,"HDD",4346.88
1991-03-01,"Maxtor",650,1994,"HDD",3141.31692307692
1991-07-01,"Maxtor",676,1895,"HDD",2870.5325443787
1991-10-01,"Seagate",125,349,"HDD",2859.008
1992-01-01,"Maxtor",1020,1995,"HDD",2002.82352941176
1992-03-01,"Maxtor",1020,1995,"HDD",2002.82352941176
1992-07-01,"Seagate",1200,1949,"HDD",1663.14666666667
1992-10-01,"Fujitsu",2000,2799,"HDD",1433.088
1993-01-01,"Other",1350,1799,"HDD",1364.57481481481
1993-03-01,"Maxtor",1500,1729,"HDD",1180.33066666667
1993-07-01,"Maxtor",1500,1459,"HDD",996.010666666667
1993-10-01,"Other",1350,969,"HDD",735.004444444444
1994-01-01,"Other",2000,1158,"HDD",592.896
1994-03-01,"Other",3300,2169,"HDD",673.047272727273
1994-07-01,"Quantum",1800,964,"HDD",548.408888888889
1994-10-01,"Seagate",9000,3899,"HDD",443.619555555556
1995-01-01,"Seagate",1000,849,"HDD",869.376
1995-01-01,"Seagate",1700,1499,"HDD",902.927058823529
1995-01-01,"Seagate",2100,1699,"HDD",828.464761904762
1995-01-01,"Seagate",2900,2899,"HDD",1023.64689655172
1995-01-01,"Seagate",9000,2399,"HDD",272.952888888889
1995-03-01,"Other",4200,1425,"HDD",347.428571428571
1995-04-01,"Other",240,250,"HDD",1066.66666666667
1995-04-01,"Other",420,320,"HDD",780.190476190476
1995-04-01,"Other",520,380,"HDD",748.307692307692
1995-04-01,"Other",850,470,"HDD",566.211764705882
1995-04-01,"Other",1000,625,"HDD",640
1995-04-01,"Other",1200,680,"HDD",580.266666666667
1995-07-01,"Other",9100,2259,"HDD",254.19956043956
1995-10-01,"Other",1300,278,"HDD",218.978461538462
1996-01-01,"Samsung",1270,259,"HDD",208.831496062992
1996-03-01,"Other",1300,249,"HDD",196.135384615385
1996-06-10,"Western Digital",1600,399.99,"HDD",255.9936
1996-07-01,"Quantum",2500,319,"HDD",130.6624
1996-08-14,"IBM",1760,379.99,"HDD",221.085090909091
1996-08-14,"Maxtor",2000,439.99,"HDD",225.27488
1996-09-01,"Quantum",2500,440,"HDD",180.224
1996-09-01,"Quantum",3200,469,"HDD",150.08
1996-10-01,"Maxtor",2000,276,"HDD",141.312
1997-01-01,"Maxtor",2000,276,"HDD",141.312
1997-03-01,"Western Digital",3100,349,"HDD",115.282580645161
1997-07-01,"Quantum",6510,369,"HDD",58.0423963133641
1997-08-13,"Western Digital",2100,329.99,"HDD",160.90940952381
1997-08-13,"Western Digital",3100,399.99,"HDD",132.125729032258
1997-08-13,"Western Digital",4000,490.99,"HDD",125.69344
1997-08-24,"Western Digital",2100,279.99,"HDD",136.528457142857
1997-08-24,"Western Digital",3100,329.99,"HDD",109.003148387097
1997-08-24,"Maxtor",3500,359.99,"HDD",105.322788571429
1997-08-24,"Maxtor",4300,439.99,"HDD",104.779013953488
1997-08-24,"Western Digital",5100,459.99,"HDD",92.3587764705882
1997-09-05,"Maxtor",7000,669.99,"HDD",98.0099657142857
1997-10-21,"Quantum",6510,315,"HDD",49.5483870967742
1997-11-29,"Western Digital",3200,289,"HDD",92.48
1997-11-29,"Quantum",3200,285,"HDD",91.2
1997-11-29,"Quantum",4300,379,"HDD",90.2548837209302
1997-11-29,"Western Digital",4300,365,"HDD",86.9209302325581
1997-11-29,"Quantum",6400,475,"HDD",76
1997-11-29,"Western Digital",6400,445,"HDD",71.2
1997-12-03,"Western Digital",5100,449.99,"HDD",90.3509333333333
1997-12-03,"Quantum",6400,549.99,"HDD",87.9984
1997-12-03,"Maxtor",5200,438.99,"HDD",86.4472615384615
1997-12-03,"Maxtor",7000,579.99,"HDD",84.8442514285714
1997-12-03,"Maxtor",8400,679.99,"HDD",82.8940190476191
1998-01-06,"Quantum",12056,425,"HDD",36.0982083609821
1998-01-16,"Western Digital",6400,529.99,"HDD",84.7984
1998-01-16,"Quantum",4300,349.99,"HDD",83.3464558139535
1998-01-16,"Quantum",6400,479.99,"HDD",76.7984
1998-02-03,"Other",5200,355,"HDD",69.9076923076923
1998-02-03,"Other",6400,435,"HDD",69.6
1998-03-24,"Quantum",12056,359,"HDD",30.4923689449237
1998-04-02,"Maxtor",5100,379.99,"HDD",76.296031372549
1998-04-02,"Maxtor",4300,319.99,"HDD",76.2022697674419
1998-04-02,"Quantum",6400,339.99,"HDD",54.3984
1998-04-04,"Other",5200,349,"HDD",68.7261538461538
1998-04-04,"Other",6400,370,"HDD",59.2
1998-04-04,"Other",5200,300,"HDD",59.0769230769231
1998-04-04,"Other",9000,499,"HDD",56.7751111111111
1998-04-17,"Fujitsu",4300,282,"HDD",67.1553488372093
1998-04-17,"Fujitsu",5200,331,"HDD",65.1815384615385
1998-04-17,"Fujitsu",6400,368,"HDD",58.88
1998-05-02,"Seagate",6400,349.99,"HDD",55.9984
1998-05-09,"Seagate",6400,329.99,"HDD",52.7984
1998-05-11,"Fujitsu",3200,227,"HDD",72.64
1998-05-11,"Fujitsu",4300,257,"HDD",61.2018604651163
1998-05-11,"Fujitsu",5200,299,"HDD",58.88
1998-05-11,"Fujitsu",6400,328,"HDD",52.48
1998-06-06,"Maxtor",5700,299.99,"HDD",53.8929403508772
1998-06-12,"Quantum",4300,228,"HDD",54.2958139534884
1998-06-12,"Quantum",6400,298,"HDD",47.68
1998-06-30,"Quantum",12056,349,"HDD",29.64299933643
1998-07-15,"Other",5200,249,"HDD",49.0338461538462
1998-07-31,"Western Digital",5100,262,"HDD",52.6054901960784
1998-07-31,"Fujitsu",5200,252,"HDD",49.6246153846154
1998-07-31,"Western Digital",6400,294,"HDD",47.04
1998-07-31,"Western Digital",8400,382,"HDD",46.567619047619
1998-07-31,"Fujitsu",6400,291,"HDD",46.56
1998-08-14,"Fujitsu",6400,289,"HDD",46.24
1998-08-26,"Seagate",6400,279.99,"HDD",44.7984
1998-09-01,"Maxtor",8400,379.99,"HDD",46.3225904761905
1998-09-01,"Maxtor",6800,279.99,"HDD",42.1632
1998-10-30,"Samsung",6400,159,"HDD",25.44
1999-02-09,"IBM",16800,379.98,"HDD",23.1606857142857
1999-02-12,"Quantum",8000,299.99,"HDD",38.39872
1999-02-27,"Quantum",19200,512.46,"HDD",27.3312
1999-03-01,"Fujitsu",8400,253,"HDD",30.8419047619048
1999-03-01,"Fujitsu",10200,299,"HDD",30.0172549019608
1999-03-03,"Fujitsu",8400,235,"HDD",28.647619047619
1999-03-03,"Fujitsu",10200,285,"HDD",28.6117647058824
1999-03-23,"Maxtor",13600,254.33,"HDD",19.1495529411765
1999-04-01,"Fujitsu",10200,279,"HDD",28.0094117647059
1999-04-01,"Fujitsu",8400,229,"HDD",27.9161904761905
1999-05-21,"Fujitsu",6400,179.99,"HDD",28.7984
1999-05-27,"Fujitsu",10200,245,"HDD",24.5960784313726
1999-05-27,"Fujitsu",8400,198,"HDD",24.1371428571429
1999-05-27,"Fujitsu",17300,369,"HDD",21.841387283237
1999-05-28,"Maxtor",10000,249.99,"HDD",25.598976
1999-07-01,"Quantum",19000,208.99,"HDD",11.2634610526316
1999-07-21,"Maxtor",8400,199.99,"HDD",24.3797333333333
1999-07-30,"Fujitsu",6400,139.99,"HDD",22.3984
1999-10-01,"Quantum",10200,199,"HDD",19.9780392156863
1999-10-01,"Quantum",13600,249,"HDD",18.7482352941176
1999-10-01,"Western Digital",20000,359,"HDD",18.3808
1999-10-01,"Western Digital",27300,489,"HDD",18.341978021978
1999-10-01,"Quantum",13600,219,"HDD",16.4894117647059
1999-10-05,"Seagate",17200,175,"HDD",10.4186046511628
1999-10-19,"Other",6000,289,"HDD",49.3226666666667
1999-12-01,"Western Digital",20500,398,"HDD",19.8805853658537
1999-12-01,"Quantum",18200,348,"HDD",19.5797802197802
1999-12-01,"Other",10200,189,"HDD",18.9741176470588
1999-12-01,"Fujitsu",10200,189,"HDD",18.9741176470588
1999-12-01,"Fujitsu",13000,208,"HDD",16.384
1999-12-01,"Other",13000,195,"HDD",15.36
1999-12-01,"Fujitsu",20400,299,"HDD",15.0086274509804
1999-12-01,"Fujitsu",17300,248,"HDD",14.6793063583815
1999-12-01,"Fujitsu",27300,388,"HDD",14.5535531135531
1999-12-01,"Other",17300,225,"HDD",13.3179190751445
1999-12-01,"Seagate",17200,152,"HDD",9.0493023255814
2000-01-18,"Seagate",47000,695,"HDD",15.1421276595745
2000-02-01,"Other",10200,175,"HDD",17.5686274509804
2000-02-01,"Fujitsu",20400,299,"HDD",15.0086274509804
2000-02-01,"Fujitsu",13600,199,"HDD",14.9835294117647
2000-02-01,"Other",12900,187.99,"HDD",14.9226170542636
2000-02-01,"Fujitsu",13600,197.8,"HDD",14.8931764705882
2000-02-01,"Other",13000,186,"HDD",14.6510769230769
2000-02-01,"Fujitsu",17300,238,"HDD",14.0873988439306
2000-02-01,"Fujitsu",27300,375,"HDD",14.0659340659341
2000-02-01,"Fujitsu",17300,232.3,"HDD",13.7500115606936
2000-02-01,"Other",17300,215,"HDD",12.7260115606936
2000-02-01,"Other",20400,211.99,"HDD",10.6410666666667
2000-03-21,"Other",125000,5280,"HDD",43.25376
2000-04-01,"IBM",20500,279,"HDD",13.9363902439024
2000-04-01,"Maxtor",15200,199,"HDD",13.4063157894737
2000-04-01,"Maxtor",20000,259,"HDD",13.2608
2000-04-01,"Maxtor",15000,192,"HDD",13.1072
2000-04-01,"Seagate",17200,218,"HDD",12.9786046511628
2000-04-01,"Seagate",28000,349,"HDD",12.7634285714286
2000-04-01,"Other",17300,215,"HDD",12.7260115606936
2000-04-01,"IBM",20300,245,"HDD",12.3586206896552
2000-04-01,"Maxtor",17000,204,"HDD",12.288
2000-04-01,"Maxtor",27000,320,"HDD",12.1362962962963
2000-04-01,"Other",20400,239,"HDD",11.996862745098
2000-04-01,"Maxtor",36500,411,"HDD",11.5305205479452
2000-04-01,"Maxtor",27000,299,"HDD",11.3398518518519
2000-04-01,"Western Digital",20000,218,"HDD",11.1616
2000-04-01,"Maxtor",20000,217,"HDD",11.1104
2000-04-01,"Maxtor",30000,308,"HDD",10.5130666666667
2000-05-09,"Maxtor",40000,279,"HDD",7.1424
2000-05-12,"Western Digital",13600,179.99,"HDD",13.5521882352941
2000-05-12,"Maxtor",30000,319.99,"HDD",10.9223253333333
2000-05-12,"Maxtor",40000,399.99,"HDD",10.239744
2000-06-02,"Maxtor",15000,189.99,"HDD",12.969984
2000-07-01,"Maxtor",61400,359,"HDD",5.98723127035831
2000-08-01,"Samsung",15000,162,"HDD",11.0592
2000-08-01,"Maxtor",30500,298,"HDD",10.0049836065574
2000-08-01,"Samsung",20000,175,"HDD",8.96
2000-08-19,"Maxtor",40900,388,"HDD",9.71422982885086
2000-08-19,"Maxtor",15300,144,"HDD",9.63764705882353
2000-08-19,"Maxtor",30700,278,"HDD",9.27270358306189
2000-08-19,"Maxtor",20400,164,"HDD",8.2321568627451
2000-08-19,"Maxtor",30700,214,"HDD",7.13798045602606
2000-08-25,"Maxtor",15000,149.99,"HDD",10.2393173333333
2000-08-25,"Maxtor",40000,349.99,"HDD",8.959744
2000-08-25,"Maxtor",30000,249.99,"HDD",8.532992
2000-10-03,"Maxtor",30700,125,"HDD",4.16938110749186
2000-10-27,"Maxtor",30700,244,"HDD",8.1386319218241
2000-10-27,"Maxtor",40900,318,"HDD",7.96166259168704
2000-10-27,"Maxtor",61400,398,"HDD",6.63765472312704
2000-10-27,"Maxtor",81900,518,"HDD",6.4765811965812
2000-10-27,"Maxtor",30700,194,"HDD",6.47087947882736
2000-10-27,"Maxtor",40900,254,"HDD",6.35931540342298
2000-12-13,"Samsung",30000,189,"HDD",6.4512
2000-12-20,"Maxtor",80000,479.99,"HDD",6.143872
2001-01-02,"Maxtor",81900,315,"HDD",3.93846153846154
2001-01-14,"Other",61000,388,"HDD",6.51331147540984
2001-01-14,"Other",82000,518,"HDD",6.46868292682927
2001-01-14,"Other",40000,238,"HDD",6.0928
2001-03-06,"Maxtor",81900,295,"HDD",3.68840048840049
2001-04-25,"Quantum",40000,260,"HDD",6.656
2001-04-25,"Fujitsu",30000,169,"HDD",5.76853333333333
2001-04-25,"Fujitsu",40000,199,"HDD",5.0944
2001-05-01,"Other",30000,178,"HDD",6.07573333333333
2001-05-01,"Other",82000,468,"HDD",5.84429268292683
2001-05-01,"Other",61000,344,"HDD",5.77468852459016
2001-05-01,"Other",40000,204,"HDD",5.2224
2001-06-28,"Western Digital",40000,219.99,"HDD",5.631744
2001-07-01,"Western Digital",60000,165,"HDD",2.816
2001-07-06,"Maxtor",60000,329.99,"HDD",5.63182933333333
2001-10-16,"Maxtor",1e+05,259,"HDD",2.65216
2001-12-01,"Maxtor",40000,158.88,"HDD",4.067328
2002-02-12,"Maxtor",160000,298,"HDD",1.9072
2002-03-08,"Western Digital",40000,149.99,"HDD",3.839744
2002-04-09,"Maxtor",160000,278,"HDD",1.7792
2002-05-07,"Maxtor",160000,275,"HDD",1.76
2002-07-27,"Maxtor",40000,128.88,"HDD",3.299328
2002-08-02,"Other",120000,199,"HDD",1.69813333333333
2002-08-09,"Western Digital",1e+05,229.99,"HDD",2.3550976
2002-08-16,"Western Digital",60000,149.99,"HDD",2.55982933333333
2002-08-16,"Maxtor",80000,259.99,"HDD",3.327872
2002-08-23,"Western Digital",40000,89.99,"HDD",2.303744
2002-08-30,"Western Digital",1e+05,179.99,"HDD",1.8430976
2002-09-06,"Western Digital",120000,269.99,"HDD",2.30391466666667
2002-09-06,"Western Digital",40000,99.99,"HDD",2.559744
2002-09-20,"Western Digital",40000,89.99,"HDD",2.303744
2002-09-20,"Western Digital",60000,139.99,"HDD",2.38916266666667
2002-10-01,"IBM",120000,146,"HDD",1.24586666666667
2003-03-25,"Western Digital",81900,107,"HDD",1.33782661782662
2003-03-25,"Samsung",128,33,"Flash Drive",264
2003-08-19,"Western Digital",81900,92,"HDD",1.15028083028083
2003-08-19,"Other",256,49,"Flash Drive",196
2003-10-01,"Western Digital",81900,87,"HDD",1.08776556776557
2003-10-01,"Other",256,56,"Flash Drive",224
2003-10-11,"Maxtor",40000,89.88,"HDD",2.300928
2003-10-11,"Maxtor",120000,158,"HDD",1.34826666666667
2003-11-29,"Maxtor",80000,134,"HDD",1.7152
2003-11-29,"Western Digital",80000,124,"HDD",1.5872
2003-11-29,"Maxtor",120000,168,"HDD",1.4336
2003-11-29,"Western Digital",120000,158,"HDD",1.34826666666667
2003-11-29,"Maxtor",80000,98.88,"HDD",1.265664
2003-11-29,"Maxtor",120000,144.88,"HDD",1.23630933333333
2004-01-01,"Seagate",120000,111,"HDD",0.9472
2004-01-01,"Other",256,49,"Flash Drive",196
2004-03-16,"Maxtor",160000,119,"HDD",0.7616
2004-03-16,"SanDisk",256,61,"Flash Drive",244
2004-03-27,"Western Digital",160000,269.99,"HDD",1.727936
2004-03-27,"Other",160000,269.95,"HDD",1.72768
2004-03-27,"Western Digital",250000,369.99,"HDD",1.51547904
2004-03-27,"Western Digital",80000,109,"HDD",1.3952
2004-03-27,"Maxtor",80000,98,"HDD",1.2544
2004-03-27,"Western Digital",120000,144,"HDD",1.2288
2004-03-27,"Maxtor",120000,129,"HDD",1.1008
2004-04-02,"Western Digital",160000,169.99,"HDD",1.087936
2004-04-16,"Western Digital",250000,249.99,"HDD",1.02395904
2004-05-04,"Seagate",120000,99,"HDD",0.8448
2004-05-04,"SanDisk",256,68,"Flash Drive",272
2004-06-08,"Western Digital",81900,72,"HDD",0.90021978021978
2004-06-08,"SanDisk",256,57,"Flash Drive",228
2004-07-01,"Seagate",2e+05,135.88,"HDD",0.6957056
2004-09-07,"Hitachi",160000,97.5,"HDD",0.624
2004-12-04,"Seagate",4e+05,280,"HDD",0.7168
2004-12-09,"Other",250000,180,"HDD",0.73728
2005-04-12,"Maxtor",250000,219,"HDD",0.897024
2005-06-07,"Western Digital",2e+05,99.99,"HDD",0.5119488
2005-07-01,"Other",512,38.99,"Flash Drive",77.98
2005-08-29,"Other",4e+05,300,"HDD",0.768
2005-08-29,"Other",250000,160,"HDD",0.65536
2005-12-06,"Western Digital",320000,130,"HDD",0.416
2005-12-12,"Hitachi",250000,130,"HDD",0.53248
2005-12-12,"Seagate",2e+05,140,"HDD",0.7168
2006-05-25,"Maxtor",250000,80.97,"HDD",0.33165312
2006-05-25,"Transcend",2048,43.98,"Flash Drive",21.99
2006-07-05,"Maxtor",3e+05,150,"HDD",0.512
2006-07-05,"Seagate",5e+05,300,"HDD",0.6144
2006-09-01,"Western Digital",320000,69.99,"HDD",0.223968
2006-09-01,"Other",4096,63.99,"Flash Drive",15.9975
2006-11-25,"Western Digital",250000,65.93,"HDD",0.27004928
2006-11-25,"PNY",2048,29.98,"Flash Drive",14.99
2006-12-27,"Western Digital",250000,140,"HDD",0.57344
2006-12-27,"Samsung",80000,35,"HDD",0.448
2007-01-28,"Western Digital",250000,69.99,"HDD",0.28667904
2007-01-28,"Other",4096,49.98,"Flash Drive",12.495
2007-03-15,"Western Digital",4e+05,105.93,"HDD",0.2711808
2007-03-15,"Transcend",8192,84.98,"Flash Drive",10.6225
2007-05-07,"Seagate",320000,79.99,"HDD",0.255968
2007-05-07,"Other",2048,21.58,"Flash Drive",10.79
2007-06-24,"Seagate",250000,100,"HDD",0.4096
2007-06-24,"Seagate",160000,70,"HDD",0.448
2007-07-09,"Samsung",4e+05,84.99,"HDD",0.2175744
2007-07-09,"Other",4096,39.98,"Flash Drive",9.995
2007-09-30,"Western Digital",5e+05,104.99,"HDD",0.21501952
2007-09-30,"ADATA",4096,32.98,"Flash Drive",8.245
2007-10-16,"Western Digital",5e+05,104.99,"HDD",0.21501952
2007-10-16,"ADATA",16384,124.98,"Flash Drive",7.81125
2007-11-10,"Western Digital",5e+05,99.99,"HDD",0.20477952
2007-11-10,"Other",4096,29.99,"Flash Drive",7.4975
2007-12-05,"Western Digital",5e+05,104.99,"HDD",0.21501952
2007-12-05,"Other",16384,124.99,"Flash Drive",7.811875
2008-01-13,"Seagate",750000,200,"HDD",0.273066666666667
2008-01-13,"Other",1e+06,270,"HDD",0.27648
2008-01-18,"Western Digital",5e+05,99.99,"HDD",0.20477952
2008-01-18,"ADATA",16384,74.98,"Flash Drive",4.68625
2008-02-20,"Western Digital",5e+05,99.99,"HDD",0.20477952
2008-02-20,"Other",4096,18.98,"Flash Drive",4.745
2008-05-18,"Samsung",5e+05,89.99,"HDD",0.18429952
2008-05-18,"ADATA",16384,67.98,"Flash Drive",4.24875
2008-07-07,"Western Digital",5e+05,74.99,"HDD",0.15357952
2008-07-07,"ADATA",16384,57.98,"Flash Drive",3.62375
2008-08-21,"Western Digital",640000,84.99,"HDD",0.135984
2008-08-21,"ADATA",16384,49.98,"Flash Drive",3.12375
2008-09-25,"Western Digital",640000,84.99,"HDD",0.135984
2008-09-25,"Transcend",16384,50.98,"Flash Drive",3.18625
2008-11-14,"Western Digital",640000,74.99,"HDD",0.119984
2008-11-14,"ADATA",32768,59.99,"Flash Drive",1.8746875
2008-12-14,"Western Digital",1e+06,99.99,"HDD",0.10238976
2008-12-14,"Other",32768,69.99,"Flash Drive",2.1871875
2009-01-19,"Western Digital",750000,69.99,"HDD",0.09555968
2009-01-19,"Other",16384,26.49,"Flash Drive",1.655625
2009-02-14,"Hitachi",1e+06,87.99,"HDD",0.09010176
2009-02-14,"Other",8192,13.75,"Flash Drive",1.71875
2009-04-03,"Other",65536,133.99,"Flash Drive",2.09359375
2009-06-03,"Seagate",1500000,129.99,"HDD",0.08873984
2009-06-03,"ADATA",16384,34.99,"Flash Drive",2.186875
2009-07-02,"Seagate",1e+06,89.99,"HDD",0.09214976
2009-07-02,"ADATA",16384,31.99,"Flash Drive",1.999375
2009-07-07,"Seagate",1e+06,89.99,"HDD",0.09214976
2009-08-20,"Hitachi",1e+06,74.99,"HDD",0.07678976
2009-08-20,"ADATA",32768,57.99,"Flash Drive",1.8121875
2009-10-07,"Hitachi",1e+06,79.99,"HDD",0.08190976
2009-10-07,"Other",16384,34.99,"Flash Drive",2.186875
2009-12-12,"Hitachi",1e+06,69.99,"HDD",0.07166976
2009-12-12,"ADATA",16384,36.99,"Flash Drive",2.311875
2010-01-15,"Seagate",1500000,109.99,"HDD",0.0750865066666667
2010-01-15,"Other",32768,79.99,"Flash Drive",2.4996875
2010-02-11,"Western Digital",1500000,109.99,"HDD",0.0750865066666667
2010-02-11,"Other",16384,36.99,"Flash Drive",2.311875
2010-03-10,"Hitachi",1e+06,79.99,"HDD",0.08190976
2010-03-10,"Other",8192,19.99,"Flash Drive",2.49875
2010-05-09,"Hitachi",1e+06,74.99,"HDD",0.07678976
2010-05-09,"PNY",16384,32.99,"Flash Drive",2.061875
2010-07-25,"Seagate",2e+06,109.99,"HDD",0.05631488
2010-07-25,"Other",8192,15.85,"Flash Drive",1.98125
2010-08-26,"Seagate",2e+06,109.99,"HDD",0.05631488
2010-08-26,"Other",16384,28.85,"Flash Drive",1.803125
2010-10-07,"Western Digital",2e+06,99.99,"HDD",0.05119488
2010-10-07,"Other",16384,28.99,"Flash Drive",1.811875
2010-11-16,"Seagate",2e+06,99.99,"HDD",0.05119488
2010-11-16,"Other",16384,23.99,"Flash Drive",1.499375
2010-12-10,"Seagate",2e+06,89.99,"HDD",0.04607488
2010-12-10,"Other",32768,38.99,"Flash Drive",1.2184375
2011-01-21,"Seagate",2e+06,79.99,"HDD",0.04095488
2011-01-21,"Transcend",16384,22.99,"Flash Drive",1.436875
2011-02-12,"Seagate",2e+06,79.99,"HDD",0.04095488
2011-02-12,"Other",32768,40.98,"Flash Drive",1.280625
2011-05-06,"Western Digital",2e+06,79.99,"HDD",0.04095488
2011-05-06,"Other",16384,21.99,"Flash Drive",1.374375
2011-06-22,"Western Digital",1500000,54.99,"HDD",0.03753984
2011-06-22,"Transcend",16384,19.98,"Flash Drive",1.24875
2011-09-02,"Western Digital",1500000,59.99,"HDD",0.0409531733333333
2011-09-02,"Other",32768,32.99,"Flash Drive",1.0309375
2011-10-17,"Samsung",2e+06,79.99,"HDD",0.04095488
2011-10-17,"Other",16384,16.99,"Flash Drive",1.061875
2012-01-12,"Seagate",2e+06,157.27,"HDD",0.08052224
2012-01-12,"Other",32768,26.99,"Flash Drive",0.8434375
2012-02-13,"Hitachi",3e+06,237.27,"HDD",0.08098816
2012-02-13,"Other",32768,26.99,"Flash Drive",0.8434375
2012-04-08,"Western Digital",3e+06,193.85,"HDD",0.0661674666666667
2012-04-08,"Other",32768,25.99,"Flash Drive",0.8121875
2012-05-24,"Western Digital",2e+06,119.99,"HDD",0.06143488
2012-05-24,"Other",32768,22.99,"Flash Drive",0.7184375
2012-08-20,"Seagate",3e+06,159.27,"HDD",0.05436416
2012-08-20,"Transcend",32768,18.99,"Flash Drive",0.5934375
2012-09-21,"Seagate",3e+06,149.99,"HDD",0.0511965866666667
2012-09-21,"Other",16384,9.99,"Flash Drive",0.624375
2012-11-17,"Other",16384,9.99,"Flash Drive",0.624375
2013-01-17,"Toshiba",2e+06,109.99,"HDD",0.05631488
2013-01-17,"Other",65536,26.99,"Flash Drive",0.42171875
2013-02-23,"Seagate",3e+06,139.99,"HDD",0.0477832533333333
2013-02-23,"Other",32768,16.99,"Flash Drive",0.5309375
2013-05-18,"Toshiba",3e+06,129.99,"HDD",0.04436992
2013-05-18,"Transcend",65536,37.98,"Flash Drive",0.5934375
2013-06-30,"Seagate",4e+06,179.99,"HDD",0.04607744
2013-06-30,"Transcend",65536,36.98,"Flash Drive",0.5778125
2013-08-09,"Seagate",3e+06,134.99,"HDD",0.0460765866666667
2013-08-09,"Transcend",65536,36.98,"Flash Drive",0.5778125
2013-08-09,"Toshiba",131072,91.98,"SSD",0.71859375
2013-09-07,"Toshiba",3e+06,129.99,"HDD",0.04436992
2013-09-07,"Transcend",65536,36.98,"Flash Drive",0.5778125
2013-09-07,"Other",245760,164.99,"SSD",0.687458333333333
2013-10-16,"Western Digital",3e+06,128.99,"HDD",0.0440285866666667
2013-10-16,"Other",65536,34.98,"Flash Drive",0.5465625
2013-10-16,"Samsung",256000,174.95,"SSD",0.6998
2013-11-10,"Seagate",3e+06,119.99,"HDD",0.0409565866666667
2013-11-10,"Other",131072,70.98,"Flash Drive",0.55453125
2013-11-10,"ADATA",262144,159.99,"SSD",0.6249609375
2013-12-23,"Seagate",3e+06,119.99,"HDD",0.0409565866666667
2013-12-23,"ADATA",16384,8.98,"Flash Drive",0.56125
2013-12-23,"Other",245760,150.98,"SSD",0.629083333333333
2014-02-08,"Toshiba",3e+06,109.99,"HDD",0.0375432533333333
2014-02-08,"Transcend",32768,14.98,"Flash Drive",0.468125
2014-02-08,"Other",245760,140.98,"SSD",0.587416666666667
2014-03-13,"Seagate",3e+06,109.99,"HDD",0.0375432533333333
2014-03-13,"Other",65536,30.98,"Flash Drive",0.4840625
2014-03-13,"Other",245760,120.98,"SSD",0.504083333333333
2014-04-10,"Seagate",3e+06,109.99,"HDD",0.0375432533333333
2014-04-10,"Other",32768,11.99,"Flash Drive",0.3746875
2014-04-10,"Other",491520,239.99,"SSD",0.499979166666667
2014-06-19,"Seagate",3e+06,104.99,"HDD",0.0358365866666667
2014-06-19,"PNY",131072,50.98,"Flash Drive",0.39828125
2014-06-19,"Other",262144,109.98,"SSD",0.429609375
2014-08-02,"Western Digital",3e+06,104.99,"HDD",0.0358365866666667
2014-08-02,"ADATA",32768,10.98,"Flash Drive",0.343125
2014-08-02,"Other",245760,99.99,"SSD",0.416625
2014-09-13,"Seagate",3e+06,104.99,"HDD",0.0358365866666667
2014-09-13,"Other",65536,22.58,"Flash Drive",0.3528125
2014-09-13,"Other",491520,179.99,"SSD",0.374979166666667
2014-11-11,"Seagate",4e+06,144.99,"HDD",0.03711744
2014-11-11,"Other",65536,21.95,"Flash Drive",0.34296875
2014-11-11,"ADATA",262144,99.99,"SSD",0.3905859375
2015-01-22,"Toshiba",3e+06,99.99,"HDD",0.03412992
2015-01-22,"ADATA",65536,25.98,"Flash Drive",0.4059375
2015-01-22,"SanDisk",983040,369.99,"SSD",0.38540625
2015-02-15,"Toshiba",3e+06,97.99,"HDD",0.0334472533333333
2015-02-15,"ADATA",65536,25.98,"Flash Drive",0.4059375
2015-02-15,"PNY",245760,89.99,"SSD",0.374958333333333
2015-04-11,"Seagate",3e+06,84.99,"HDD",0.02900992
2015-04-11,"PNY",131072,47.98,"Flash Drive",0.37484375
2015-04-11,"PNY",491520,169.99,"SSD",0.354145833333333
2015-05-15,"Toshiba",3e+06,94.99,"HDD",0.0324232533333333
2015-05-15,"PNY",131072,35.98,"Flash Drive",0.28109375
2015-05-15,"Other",245760,82.99,"SSD",0.345791666666667
2015-07-10,"Seagate",3e+06,89.99,"HDD",0.0307165866666667
2015-07-10,"Other",65536,9.49,"Flash Drive",0.14828125
2015-07-10,"ADATA",262144,84.99,"SSD",0.3319921875
2015-08-23,"Toshiba",5e+06,149.99,"HDD",0.030717952
2015-08-23,"SanDisk",131072,30.98,"Flash Drive",0.24203125
2015-08-23,"PNY",491520,149.99,"SSD",0.312479166666667
2015-09-22,"Seagate",3e+06,89.99,"HDD",0.0307165866666667
2015-09-22,"Other",65536,17.98,"Flash Drive",0.2809375
2015-09-22,"Other",245760,69.99,"SSD",0.291625
2015-10-24,"Seagate",3e+06,89.99,"HDD",0.0307165866666667
2015-10-24,"ADATA",131072,29.98,"Flash Drive",0.23421875
2015-10-24,"Other",245760,70.98,"SSD",0.29575
2015-11-21,"Western Digital",4e+06,129.99,"HDD",0.03327744
2015-11-21,"Other",131072,28.98,"Flash Drive",0.22640625
2015-11-21,"Other",245760,64.99,"SSD",0.270791666666667
2015-12-18,"Seagate",3e+06,84.99,"HDD",0.02900992
2015-12-18,"ADATA",131072,27.99,"Flash Drive",0.218671875
2015-12-18,"ADATA",245760,59.99,"SSD",0.249958333333333
2016-02-14,"Seagate",4e+06,124.99,"HDD",0.03199744
2016-02-14,"Other",65536,14.93,"Flash Drive",0.23328125
2016-02-14,"PNY",245760,59,"SSD",0.245833333333333
2016-04-11,"Seagate",8e+06,221.63,"HDD",0.02836864
2016-04-11,"ADATA",131072,27.99,"Flash Drive",0.218671875
2016-04-11,"Other",491520,102.99,"SSD",0.2145625
2016-05-18,"Seagate",4e+06,119.95,"HDD",0.0307072
2016-05-18,"SanDisk",131072,27.99,"Flash Drive",0.218671875
2016-05-18,"Other",983040,210.98,"SSD",0.219770833333333
2016-06-20,"Seagate",3e+06,84.99,"HDD",0.02900992
2016-06-20,"PNY",131072,24.99,"Flash Drive",0.195234375
2016-06-20,"ADATA",983040,194.99,"SSD",0.203114583333333
2016-07-22,"Seagate",4e+06,124.99,"HDD",0.03199744
2016-07-22,"SanDisk",131072,25.99,"Flash Drive",0.203046875
2016-07-22,"Other",491520,99.99,"SSD",0.2083125
2016-08-22,"Seagate",4e+06,119.95,"HDD",0.0307072
2016-08-22,"SanDisk",131072,25.99,"Flash Drive",0.203046875
2016-08-22,"Other",491520,99.99,"SSD",0.2083125
2016-10-15,"Toshiba",3e+06,87.96,"HDD",0.03002368
2016-10-15,"PNY",131072,19.99,"Flash Drive",0.156171875
2016-10-15,"PNY",983040,219.99,"SSD",0.22915625
2016-11-15,"Western Digital",3e+06,94.99,"HDD",0.0324232533333333
2016-11-15,"PNY",262144,47.99,"Flash Drive",0.1874609375
2016-11-15,"ADATA",983040,224.99,"SSD",0.234364583333333
2016-12-21,"Toshiba",3e+06,88.99,"HDD",0.0303752533333333
2016-12-21,"SanDisk",131072,20.98,"Flash Drive",0.16390625
2016-12-21,"Other",491520,109.99,"SSD",0.229145833333333
2017-01-15,"Toshiba",3e+06,86.99,"HDD",0.0296925866666667
2017-01-15,"SanDisk",131072,23.98,"Flash Drive",0.18734375
2017-01-15,"Toshiba",491520,119.99,"SSD",0.249979166666667
